file,response
VerifyCADES_withSignedReport_0.xml,<Code>0</Code>
VerifyCADES_withSignedReport_1.xml,<Code>0</Code>
VerifyCADES_withSignedReport_2.xml,<Code>0</Code>
VerifyCADES_withSignedReport_3.xml,<Code>0</Code>
VerifyCADES_withSignedReport_4.xml,<Code>0</Code>
VerifyCADES_withSignedReport_5.xml,<Code>0</Code>
VerifyCADES_withSignedReport_6.xml,<Code>0</Code>
VerifyCADES_withSignedReport_7.xml,<Code>0</Code>
VerifyCADES_withSignedReport_8.xml,<Code>0</Code>
VerifyCADES_withSignedReport_9.xml,<Code>0</Code>
